Date,Country,Confirmed,Recovered,Deaths
2020-01-01,USA,202,126.56264562434633,7.450855223039499
2020-01-02,USA,737,485.53181088087297,29.822546259890593
2020-01-03,USA,1697,1041.2252127843549,33.100836486204095
2020-01-04,USA,2067,1441.9373381063003,80.87892770322856
2020-01-05,USA,2273,1628.8390438392576,56.16884242683451
2020-01-06,USA,2444,1665.3531100966206,86.25421799882834
2020-01-07,USA,3244,2752.9273439066574,114.6468152683337
2020-01-08,USA,3364,2378.43545729917,105.7338414890995
2020-01-09,USA,4078,2790.4952791515416,55.50806729127508
2020-01-10,USA,4299,3279.315138449193,186.62861714152538
2020-01-11,USA,4865,3124.678906350666,111.07380064349981
2020-01-12,USA,5179,4353.773448997551,90.4291746144338
2020-01-13,USA,5609,3490.8463681199505,65.23831075922683
2020-01-14,USA,6167,5526.0395214046175,207.4314712256755
2020-01-15,USA,6354,5284.452979233289,235.74975820583452
2020-01-16,USA,6826,4502.529972645678,72.78914081046184
2020-01-17,USA,7025,4226.637861837991,214.14814938209796
2020-01-18,USA,7996,6753.728874577457,152.4024087393085
2020-01-19,USA,8759,7112.809042428384,313.63273884785485
2020-01-20,USA,8989,7359.313630056131,152.5851932130347
2020-01-21,USA,9750,8105.965764056391,366.9657178599617
2020-01-22,USA,10158,6320.443671694467,258.7183059088344
2020-01-23,USA,11027,7802.040476597308,523.442863431999
2020-01-24,USA,11470,7280.70543382597,177.79460917418172
2020-01-25,USA,12061,10359.56712584566,285.1540504006867
2020-01-26,USA,12574,9895.605194018914,182.81264224316666
2020-01-27,USA,13479,9425.452343096658,633.34781123107
2020-01-28,USA,13964,8644.65864101821,629.6866692244807
2020-01-29,USA,14255,9882.91589881703,289.6283161231818
2020-01-30,USA,14631,10205.927155372001,532.559063101043
2020-01-31,USA,14891,12193.969680489634,635.6802313278522
2020-02-01,USA,15450,12225.078879731413,497.6141015684677
2020-02-02,USA,15863,13739.956720646482,494.70388497845323
2020-02-03,USA,15984,11854.76500913658,314.47068071011284
2020-02-04,USA,16336,10387.70748049443,224.19707259508678
2020-02-05,USA,17183,13986.505553655817,788.5043347564806
2020-02-06,USA,18139,15023.363999058573,834.6973255554261
2020-02-07,USA,18799,14444.835011132687,664.0569718112065
2020-02-08,USA,19373,16104.584153177913,456.45096567945916
2020-02-09,USA,19531,14611.896537777873,468.1264880703952
2020-02-10,USA,20141,15243.108574974822,786.2689331250197
2020-02-11,USA,20922,15236.703955829273,959.9936343491128
2020-02-12,USA,21497,13062.130490285343,977.7578744970891
2020-02-13,USA,22296,14099.264176872814,918.4842068176633
2020-02-14,USA,23178,14125.339699754139,827.0203797825633
2020-02-15,USA,23467,18560.59293633814,313.65050234155245
2020-02-16,USA,24253,16839.022682713246,399.32924811746676
2020-02-17,USA,24915,18750.311631110573,1144.649104286087
2020-02-18,USA,25890,22583.068802983966,886.9179341834714
2020-02-19,USA,26556,17919.661331183255,275.3294761092487
2020-02-20,USA,26899,19451.06707402062,378.1693212621359
2020-02-21,USA,27830,23006.09645569591,1016.9101693710877
2020-02-22,USA,28434,19012.094111276638,290.09684300333527
2020-02-23,USA,28664,17860.365640599757,471.0160794332472
2020-02-24,USA,29248,20091.195148446564,934.4546348557564
2020-02-25,USA,30166,19558.62040539129,1136.5284213439115
2020-02-26,USA,30912,27168.84414876409,1115.2570581497755
2020-02-27,USA,31032,26142.477485592895,588.7010084472037
2020-02-28,USA,31972,25258.555470945375,1230.5117625969367
2020-02-29,USA,32238,27771.043951941494,628.3174433088736
2020-03-01,USA,32611,27429.165029927106,750.5743822668752
2020-03-02,USA,33098,21711.328742703005,1319.2749010638547
2020-03-03,USA,33798,29328.812709289283,1216.2317088799105
2020-03-04,USA,34213,26063.55483679805,1504.3092217294923
2020-03-05,USA,34326,28910.457229848485,1246.1888056440635
2020-03-06,USA,34667,30119.639128334322,1134.7321740732318
2020-03-07,USA,35543,24716.639253277484,488.60929091655566
2020-03-08,USA,35988,22780.96459797061,889.2142528201158
2020-03-09,USA,36652,24497.483873246172,755.3278872108241
2020-03-10,USA,37649,27413.45434019698,743.9286433431647
2020-03-11,USA,38088,32199.763921336777,1863.2810403764458
2020-03-12,USA,38279,32851.77179894087,984.6855121007568
2020-03-13,USA,38745,23327.808089229296,1769.9437512134903
2020-03-14,USA,39299,29600.957473198727,1385.1146745226574
2020-03-15,USA,39826,28882.743183420982,1664.4261989939876
2020-03-16,USA,40434,26954.61216257205,1217.2851289046134
2020-03-17,USA,41309,26270.85553775613,1366.3429028012108
2020-03-18,USA,41443,29063.335664544164,1230.8864313974073
2020-03-19,USA,41748,36858.17829568196,743.5201701837105
2020-03-20,USA,41928,29222.175760129867,1630.918891547376
2020-03-21,USA,42589,32181.832136828467,904.2025657597443
2020-03-22,USA,43560,35323.051754842185,477.9681399101652
2020-03-23,USA,44047,31233.237928800227,1577.7147287129208
2020-03-24,USA,44148,39359.47061638949,754.2432909784958
2020-03-25,USA,44637,39670.42797129931,2125.5399931904412
2020-03-26,USA,45302,30603.072469644194,2181.6148958148488
2020-03-27,USA,45507,34092.686327293435,2120.379352230478
2020-03-28,USA,46378,32013.04027580464,1150.46880801788
2020-03-29,USA,47299,32421.20116306795,502.23330020795606
2020-03-30,USA,47875,29254.788781379473,2256.480047355494
2020-03-31,USA,48677,38107.72892554183,1320.4787915056766
2020-04-01,USA,49178,36923.02470130468,2393.3060276371834
2020-04-02,USA,50007,30776.48937412746,2427.5797677720907
2020-04-03,USA,50662,34632.236151346566,2235.226601315496
2020-04-04,USA,50923,44429.28711332397,1108.9988372343805
2020-04-05,USA,51224,34415.7954862575,1301.2898419962007
2020-04-06,USA,51593,33198.46834074074,2272.4377717427683
2020-04-07,USA,52555,39249.95694491619,1191.7834392395268
2020-04-08,USA,53470,47892.818934388146,897.2110866122147
2020-04-09,USA,53840,36213.676745453755,1737.5271988303032
2020-01-01,India,834,520.6344162476229,24.787335943267415
2020-01-02,India,1499,1092.0130193805664,19.98373329526777
2020-01-03,India,2168,1748.6003354577945,29.63258365025548
2020-01-04,India,2590,1599.2164237100608,88.31287992335592
2020-01-05,India,3561,3114.3228252233694,114.47946277613588
2020-01-06,India,4346,3184.3388371234137,80.44061727101196
2020-01-07,India,5237,3518.9299199721963,250.57883284285649
2020-01-08,India,5962,3745.1017666393986,245.94348211637242
2020-01-09,India,6349,4157.704864690288,92.3054703283511
2020-01-10,India,7302,6428.565422572369,344.9257731891444
2020-01-11,India,8064,6382.504220625833,394.8935021448594
2020-01-12,India,8802,6645.588137360592,438.66747169403834
2020-01-13,India,9056,7218.8400572692535,110.79876707032328
2020-01-14,India,9645,7047.619532324478,380.79831780997125
2020-01-15,India,10130,8296.589483031366,322.5050700708535
2020-01-16,India,11014,6766.063629118747,421.1011185375977
2020-01-17,India,11217,8634.971817033616,546.7847542223149
2020-01-18,India,11709,7582.677376633777,439.3357355655813
2020-01-19,India,12619,8026.307307197819,548.6558851600569
2020-01-20,India,12964,9108.038399793428,579.16343582599
2020-01-21,India,13239,8307.998349691246,576.4158732588559
2020-01-22,India,13377,8404.061409620557,361.7630264681173
2020-01-23,India,13953,9675.344971781018,263.75435017474354
2020-01-24,India,14734,13170.032438612794,381.1105881277579
2020-01-25,India,15592,10175.32487043437,712.1782640659001
2020-01-26,India,16229,9820.952256488243,257.4599860495953
2020-01-27,India,17195,14254.815376065675,525.0157388266279
2020-01-28,India,18112,15251.642352103116,350.0890739101219
2020-01-29,India,18619,13105.752046309066,619.1230225338185
2020-01-30,India,19243,14228.315454719082,856.8049831453761
2020-01-31,India,20170,16033.780553671362,911.9744226974748
2020-02-01,India,20775,12764.527245058012,404.43539594980746
2020-02-02,India,21699,19198.053968940447,1004.8318293622843
2020-02-03,India,21834,18908.333872879673,735.271948936957
2020-02-04,India,22618,15341.067591822866,543.0294521547077
2020-02-05,India,22737,13746.593799774742,871.4466337590085
2020-02-06,India,23157,20378.875375858977,677.7284976114007
2020-02-07,India,24032,18031.497147075454,603.6719106327208
2020-02-08,India,24643,18773.363538276823,941.4457595745035
2020-02-09,India,25142,20244.06512706242,501.556907627452
2020-02-10,India,25895,20321.239770563043,601.0255695579823
2020-02-11,India,26877,23736.892396733838,735.8404889724508
2020-02-12,India,27447,24243.262075888342,552.9825850518415
2020-02-13,India,27689,23816.96138136135,725.6756232356264
2020-02-14,India,27880,22050.87968903844,916.1067177086279
2020-02-15,India,28333,23807.78890987093,1123.0904960472785
2020-02-16,India,29266,23505.002612454104,1190.7689828430184
2020-02-17,India,30165,23287.685043610163,1294.428838574418
2020-02-18,India,30991,19789.306334121633,1232.4645384131898
2020-02-19,India,31944,26940.331866496464,1189.6449383673464
2020-02-20,India,32094,27157.681000357952,625.8413075864212
2020-02-21,India,32858,25884.937704059244,854.6009525595597
2020-02-22,India,33655,28476.439628136606,979.6497861029626
2020-02-23,India,34329,27306.846219931802,457.1130472964463
2020-02-24,India,34618,22917.29975106395,1077.8246743626714
2020-02-25,India,34842,23768.80607943688,956.5325217934248
2020-02-26,India,35091,23313.64403990597,1476.782626303885
2020-02-27,India,35504,25320.661947277815,1743.8154137380654
2020-02-28,India,36173,22126.624015517424,1166.2248105127285
2020-02-29,India,36614,28759.424316344284,838.733576815818
2020-03-01,India,37018,25948.369178025263,434.44440784527035
2020-03-02,India,37809,30123.06513633314,1776.4835868969578
2020-03-03,India,38590,27615.736680918344,1804.6470181041389
2020-03-04,India,39527,31798.84304804624,795.2676948044293
2020-03-05,India,40409,28374.68946824414,1528.124722944661
2020-03-06,India,40562,27509.48743629141,528.0110439622089
2020-03-07,India,41105,30779.885867619138,684.3414131451938
2020-03-08,India,41817,33782.57883882625,780.822256405092
2020-03-09,India,42180,29715.85139275076,918.6701871074861
2020-03-10,India,42332,37294.256869306744,2109.541350709733
2020-03-11,India,43003,26307.338881809843,1628.824727092465
2020-03-12,India,43722,31715.23091960056,1109.1428988624903
2020-03-13,India,43826,39017.15557527791,1730.4270213710465
2020-03-14,India,44028,33654.631822694035,2052.152726200297
2020-03-15,India,44323,32224.65077277682,2142.9326721415187
2020-03-16,India,45196,34826.052823308935,556.5686689222937
2020-03-17,India,46172,35680.676846644885,1190.354419413383
2020-03-18,India,47155,38643.25497034636,672.9132915682651
2020-03-19,India,47604,30385.962563828114,1115.1904689837854
2020-03-20,India,47750,32231.485635020697,801.5886164405302
2020-03-21,India,48716,37714.134631603774,1747.634591482142
2020-03-22,India,49638,42695.38024460286,1267.294641779571
2020-03-23,India,50557,38856.088306413825,969.4704063442057
2020-03-24,India,51312,34460.06462086858,1058.9522722306012
2020-03-25,India,51680,41548.31346757341,1261.7053808083306
2020-03-26,India,52149,42865.05058457104,1063.7350159194777
2020-03-27,India,52884,35510.06420511962,1487.6075577478362
2020-03-28,India,53089,37869.374651464,599.5148611384093
2020-03-29,India,53858,40948.142720822725,1141.280118764203
2020-03-30,India,54616,40905.65579710409,1444.4986506862128
2020-03-31,India,55372,39695.37980103892,1888.8095348557633
2020-04-01,India,55591,38318.351095844126,1158.4222522023433
2020-04-02,India,56521,35607.9737421827,866.3202585108623
2020-04-03,India,57407,35365.32912911286,749.0474076659664
2020-04-04,India,58110,51576.253915164794,2767.2721789934853
2020-04-05,India,58267,49768.346873105314,1553.7223190899188
2020-04-06,India,58712,41478.35806273417,1951.968792590747
2020-04-07,India,59552,52825.02189331522,2785.0720805964497
2020-04-08,India,60125,48282.23715105337,800.2599501849112
2020-04-09,India,60341,44939.33898671601,2719.3552288899305
2020-01-01,Brazil,350,304.9366629218436,6.111938336718281
2020-01-02,Brazil,1326,934.1360247818689,28.38144774752165
2020-01-03,Brazil,1430,1078.5014908495586,24.216969650859973
2020-01-04,Brazil,1648,1376.238049499221,75.59477679137396
2020-01-05,Brazil,2548,1831.9173028063788,33.657423357834574
2020-01-06,Brazil,3021,2376.3971764165217,93.59195631566958
2020-01-07,Brazil,3185,2734.988523707515,84.13455575848288
2020-01-08,Brazil,3430,3035.0567217437138,169.0823462398608
2020-01-09,Brazil,3753,2417.390032178004,54.34927999346802
2020-01-10,Brazil,4091,3591.8009923607024,106.01509022784516
2020-01-11,Brazil,4367,3264.921555563503,213.01709528454145
2020-01-12,Brazil,5245,3553.347544988411,234.03339501255707
2020-01-13,Brazil,6197,4571.779284422551,264.5058249469075
2020-01-14,Brazil,6578,5880.79628406836,133.63939185206456
2020-01-15,Brazil,6740,5040.073786053582,113.47129356036174
2020-01-16,Brazil,7056,4929.501408656598,259.2778623914714
2020-01-17,Brazil,8009,6327.272232666797,377.8248918769134
2020-01-18,Brazil,8935,6004.7103311349465,288.3370579631785
2020-01-19,Brazil,9829,6121.098195594018,323.0252449919858
2020-01-20,Brazil,10617,6780.694802257609,225.07152149564948
2020-01-21,Brazil,11177,7135.550502609307,455.79490057145114
2020-01-22,Brazil,11886,7673.254624526139,207.78807981418893
2020-01-23,Brazil,12090,7757.526155199411,277.4312787250922
2020-01-24,Brazil,12288,9735.32065924257,331.9905183087411
2020-01-25,Brazil,12898,8442.566798574051,390.86634657088405
2020-01-26,Brazil,13382,9416.915875631981,263.57708156714415
2020-01-27,Brazil,13886,12067.441157986465,202.64496593314323
2020-01-28,Brazil,14808,10990.327190703785,509.76246353902786
2020-01-29,Brazil,15425,12344.123435006053,332.3350513492378
2020-01-30,Brazil,16000,10427.135381767823,531.9924617104718
2020-01-31,Brazil,16808,11054.398148440841,271.86114073315173
2020-02-01,Brazil,17770,10879.870593316598,519.6943843984043
2020-02-02,Brazil,18514,12046.699127315416,579.5544301704025
2020-02-03,Brazil,19483,13318.132672607893,235.21711871645374
2020-02-04,Brazil,20353,13292.608315945388,477.56627496323466
2020-02-05,Brazil,20889,13089.272168295342,321.2015274631293
2020-02-06,Brazil,21011,13367.004086308418,263.37286018413295
2020-02-07,Brazil,21675,16001.213939132798,1075.0455214820827
2020-02-08,Brazil,22451,14860.319493578534,513.9966469411002
2020-02-09,Brazil,23264,16500.71221422673,986.276764334489
2020-02-10,Brazil,23821,17890.170842710064,480.8418014851047
2020-02-11,Brazil,24003,19373.264121477197,894.354393661639
2020-02-12,Brazil,24247,14834.160436418137,979.7997967498092
2020-02-13,Brazil,24431,20517.718636724047,826.3920028716097
2020-02-14,Brazil,24608,19400.21183537768,710.2618739136919
2020-02-15,Brazil,25164,15715.615283988423,666.1825905440745
2020-02-16,Brazil,26141,22535.46564383258,626.2006142280176
2020-02-17,Brazil,26241,22993.98379870659,1238.0809709682878
2020-02-18,Brazil,26391,16318.172531558914,1140.7450716370383
2020-02-19,Brazil,27175,18562.24502652008,1320.7342518944993
2020-02-20,Brazil,27991,23564.514006806276,419.0781433033553
2020-02-21,Brazil,28862,23796.081355155944,1132.3918827731034
2020-02-22,Brazil,29407,19272.062884863895,1397.8211125494504
2020-02-23,Brazil,29955,19854.317694165347,516.703459879694
2020-02-24,Brazil,30935,21999.16634995542,391.6324812396505
2020-02-25,Brazil,31522,23495.140061757415,1249.6842042768496
2020-02-26,Brazil,32421,25465.931384335116,1069.209712096237
2020-02-27,Brazil,32554,23135.284386766314,1421.7357599435518
2020-02-28,Brazil,33001,24379.832450133003,514.5151280417672
2020-02-29,Brazil,33195,27360.689337405016,1387.9059366875622
2020-03-01,Brazil,33366,20386.791524294305,602.7598864285217
2020-03-02,Brazil,34016,22985.668529641862,562.8368221007922
2020-03-03,Brazil,34269,27895.133087603317,567.8589851718879
2020-03-04,Brazil,34618,30067.88109211664,1474.1379065987996
2020-03-05,Brazil,35391,26667.232906174664,1295.5897935063688
2020-03-06,Brazil,35928,27292.13198958368,1110.9877832441969
2020-03-07,Brazil,36145,22849.11970496286,880.2471139457599
2020-03-08,Brazil,37015,27177.290627391052,1668.933120727888
2020-03-09,Brazil,38005,28875.635763486946,976.6450523038903
2020-03-10,Brazil,38410,25839.98761338299,1638.7233788041312
2020-03-11,Brazil,38777,26398.33342995724,1068.9033739850945
2020-03-12,Brazil,38930,27764.30174089889,976.2778655004661
2020-03-13,Brazil,39265,23795.428674222727,1119.3348713726837
2020-03-14,Brazil,39753,27692.883920828423,876.7569852658855
2020-03-15,Brazil,40586,26926.14864358853,1619.5589721533331
2020-03-16,Brazil,41448,28941.03307592106,1247.950189142123
2020-03-17,Brazil,42372,26945.568314833596,817.2926527504377
2020-03-18,Brazil,42872,37176.805673964234,1971.3824442170921
2020-03-19,Brazil,43595,33920.29890380662,1105.3795118306061
2020-03-20,Brazil,44461,35734.67046344495,1411.2861503195618
2020-03-21,Brazil,44863,37539.17678329231,2075.312332568099
2020-03-22,Brazil,45169,33855.640705027974,1579.5382414975645
2020-03-23,Brazil,45497,28484.583704134056,667.7104063243376
2020-03-24,Brazil,46449,35353.81852827892,2210.6604923888926
2020-03-25,Brazil,47126,36572.24235835559,1654.5147883617456
2020-03-26,Brazil,47300,38957.78613867565,1106.641422931207
2020-03-27,Brazil,47834,34894.80082030514,744.8176129512186
2020-03-28,Brazil,48036,30660.134227526312,2006.0317596715174
2020-03-29,Brazil,48557,33267.991997360594,1689.9249123848333
2020-03-30,Brazil,49360,34992.52264507099,1546.8655799980493
2020-03-31,Brazil,50223,39865.7704834191,2297.98868794273
2020-04-01,Brazil,51060,39379.18207091839,2121.230944204982
2020-04-02,Brazil,51965,36730.36990838448,834.9214050124966
2020-04-03,Brazil,52370,46921.1410737865,1176.6953876181144
2020-04-04,Brazil,52567,41093.329478740045,1048.163144505081
2020-04-05,Brazil,53516,35918.228695963044,2127.681191732775
2020-04-06,Brazil,54413,34309.28690480821,617.1140148511186
2020-04-07,Brazil,54847,35423.359562052916,1798.7395818454838
2020-04-08,Brazil,55805,37600.701309749245,2260.0102783103694
2020-04-09,Brazil,56339,36519.18836642103,2539.233968380808
2020-01-01,Russia,964,713.0804753746007,38.239448569457345
2020-01-02,Russia,1181,878.9605413369588,44.82347810332113
2020-01-03,Russia,2086,1826.3689668670147,54.448775637732055
2020-01-04,Russia,2344,1819.226375212834,43.88184655864555
2020-01-05,Russia,3258,1986.9043354959365,116.64345914369902
2020-01-06,Russia,3585,3132.662047326503,96.32234421494061
2020-01-07,Russia,4561,3076.2482416246107,69.74247195770528
2020-01-08,Russia,4876,3770.560022445115,224.40762163314466
2020-01-09,Russia,5671,3684.187806940212,213.506766180174
2020-01-10,Russia,5785,3529.7972826079654,215.9387443814844
2020-01-11,Russia,6041,4189.082828043896,259.1791677752969
2020-01-12,Russia,6788,5662.201458846853,211.69373898842764
2020-01-13,Russia,7148,4884.057932986524,304.52036216883056
2020-01-14,Russia,7404,4931.279931916933,221.55455755981944
2020-01-15,Russia,7550,5011.721976532877,95.78697077454446
2020-01-16,Russia,7973,6016.043930948856,208.97172023379048
2020-01-17,Russia,8916,7958.977911188236,266.5758797889882
2020-01-18,Russia,9700,7155.657955129508,376.43860167333077
2020-01-19,Russia,9929,7617.445502312786,141.61880845790432
2020-01-20,Russia,10439,8958.641290428412,162.8561410030571
2020-01-21,Russia,10633,8086.6188964264775,218.47999493655507
2020-01-22,Russia,11359,7443.994126934035,234.67621001199402
2020-01-23,Russia,12213,8425.489461121195,479.8168102688212
2020-01-24,Russia,12604,8734.333505606872,252.44836982873514
2020-01-25,Russia,13497,9706.980781299359,476.7669824454188
2020-01-26,Russia,14407,10488.824327755965,428.91013435768303
2020-01-27,Russia,14789,12421.79289733691,487.0280223558063
2020-01-28,Russia,14957,10541.934403434261,650.992633930311
2020-01-29,Russia,15716,11637.219424735415,411.3703871337786
2020-01-30,Russia,15826,12462.860991320988,646.2777381367658
2020-01-31,Russia,16179,11540.76843109035,434.91485629882277
2020-02-01,Russia,17120,14568.596881069421,413.5311186691436
2020-02-02,Russia,18091,14042.88694625959,874.610970590939
2020-02-03,Russia,18740,12897.119186580303,325.60444214095077
2020-02-04,Russia,18973,15448.153559283723,258.28852612155816
2020-02-05,Russia,19784,15002.09480795533,807.9674220317563
2020-02-06,Russia,19906,15135.263691410026,253.4031453911419
2020-02-07,Russia,20820,15496.875325628862,905.319383457483
2020-02-08,Russia,21265,15929.68772750516,584.5267029414714
2020-02-09,Russia,21666,17974.26275567435,1010.0807732882644
2020-02-10,Russia,22128,13960.432252393004,859.9231660362211
2020-02-11,Russia,22623,15843.08696408311,778.597391268841
2020-02-12,Russia,22940,14283.614149698366,1100.4839169802058
2020-02-13,Russia,23180,19146.074219077775,599.5732986938648
2020-02-14,Russia,23895,16288.995845562466,1150.8662939445812
2020-02-15,Russia,24204,21038.82169177688,372.7428367481157
2020-02-16,Russia,24926,18893.248457984868,731.5830273042928
2020-02-17,Russia,25641,21544.20746720269,533.2417461343308
2020-02-18,Russia,26568,23743.275114433458,839.3817180013153
2020-02-19,Russia,27350,23300.46759184116,450.7431824133936
2020-02-20,Russia,27909,24004.478654448485,1218.54005158372
2020-02-21,Russia,28364,20490.021667958536,1243.940489518324
2020-02-22,Russia,28787,22036.931504919183,1387.8055093748317
2020-02-23,Russia,29019,19621.677671991794,469.7272342516253
2020-02-24,Russia,30006,19768.97090082052,1048.2086608982063
2020-02-25,Russia,30910,23233.57456295025,895.4470084771369
2020-02-26,Russia,31849,24794.91448634361,757.2210992750714
2020-02-27,Russia,32075,22509.637563636097,771.7760267352028
2020-02-28,Russia,32280,24882.491026021737,855.7990325434386
2020-02-29,Russia,32983,28571.13272842286,1259.8523762156296
2020-03-01,Russia,33881,25987.285204213567,1149.631197607334
2020-03-02,Russia,34358,28044.508908910917,975.3294966178778
2020-03-03,Russia,34508,29041.742668075978,449.89240500139675
2020-03-04,Russia,34636,31055.283027542617,454.0992183007503
2020-03-05,Russia,35197,27487.421689326944,355.26358127422066
2020-03-06,Russia,35592,29970.423150562907,1733.614265002665
2020-03-07,Russia,35988,31985.947102845847,367.44297689116627
2020-03-08,Russia,36813,32517.76656830285,519.9376028801596
2020-03-09,Russia,37691,24209.85478868424,851.2083529081403
2020-03-10,Russia,38197,27575.090099737117,1615.626533145793
2020-03-11,Russia,39065,27236.001521141137,1894.0255626350101
2020-03-12,Russia,39978,25029.32647430552,1663.106482135233
2020-03-13,Russia,40690,32143.970139338096,1530.8558343285245
2020-03-14,Russia,41194,33810.856390798835,1270.9183877373832
2020-03-15,Russia,41639,35577.96173014367,560.8027326691786
2020-03-16,Russia,42360,26976.248713833702,2047.1245916658597
2020-03-17,Russia,42879,37001.71365883701,1729.554332703075
2020-03-18,Russia,43160,34220.600197677355,1534.6822188410697
2020-03-19,Russia,44084,35760.228426433816,1779.2934485893863
2020-03-20,Russia,44184,38580.90329172744,1721.591260024174
2020-03-21,Russia,45114,35524.04399455357,1601.0626196249164
2020-03-22,Russia,45780,32080.781682095836,2253.4322364895947
2020-03-23,Russia,46250,39198.36422348941,2133.7230533766465
2020-03-24,Russia,47010,33326.22406958736,1686.088713907914
2020-03-25,Russia,47540,29012.161316522386,1793.5419821064881
2020-03-26,Russia,47948,40717.26668423718,578.436629506873
2020-03-27,Russia,48184,33900.221492687815,1773.0121244751635
2020-03-28,Russia,48485,40346.81005722509,570.5044498949683
2020-03-29,Russia,49020,34746.717598957395,1643.6675746666408
2020-03-30,Russia,49432,42428.49430901714,2470.3216876215342
2020-03-31,Russia,49648,33058.277564765835,1600.267406207724
2020-04-01,Russia,50413,44986.755384141194,1458.3676673133705
2020-04-02,Russia,51315,42792.996458474336,1155.315878463369
2020-04-03,Russia,51989,32975.13465920265,770.5239339411801
2020-04-04,Russia,52332,40281.66662282702,2053.557230990192
2020-04-05,Russia,52968,47438.68073844606,937.7434121499709
2020-04-06,Russia,53669,39785.8835341873,784.1728319328203
2020-04-07,Russia,53843,35247.358402671154,1446.7886755147993
2020-04-08,Russia,54748,40810.993813424146,2289.2149977833865
2020-04-09,Russia,55233,41631.17211219785,2198.4160074529655
2020-01-01,UK,471,291.78257965993294,7.84455373780401
2020-01-02,UK,972,700.3007969416722,39.69586929364943
2020-01-03,UK,1514,1288.9404489656501,58.05112059873524
2020-01-04,UK,2103,1407.2661056333864,60.867035495159655
2020-01-05,UK,2817,2392.175991751053,34.69647749576539
2020-01-06,UK,3189,2028.5280936388806,41.41801992919186
2020-01-07,UK,3814,2342.1148776485275,168.1843804073457
2020-01-08,UK,4072,2912.4050909977104,201.9953669536254
2020-01-09,UK,4323,2641.437649648575,160.1329563127336
2020-01-10,UK,5042,4473.166999788578,140.36087135784163
2020-01-11,UK,5329,4518.255045865813,191.32679782755062
2020-01-12,UK,6241,5243.881085213266,210.79498229781404
2020-01-13,UK,6438,5079.15308047477,163.16782929965572
2020-01-14,UK,6668,4433.534575682321,84.18380528078073
2020-01-15,UK,7572,5720.480248942093,324.5398415107657
2020-01-16,UK,7842,6110.3469827996205,195.05674145160316
2020-01-17,UK,8124,6154.006773896645,347.31258266532114
2020-01-18,UK,8587,5822.58717917993,172.60170534296554
2020-01-19,UK,8725,6583.661441893795,87.60928846612606
2020-01-20,UK,9351,6988.525042038758,152.95927547683803
2020-01-21,UK,10338,9292.835775086975,297.13041962214504
2020-01-22,UK,10934,9504.170052821159,522.3406377851564
2020-01-23,UK,11549,8534.875278342659,162.69936455371044
2020-01-24,UK,11997,9440.213934921787,529.8881865686163
2020-01-25,UK,12493,10298.747984977263,388.2944813589917
2020-01-26,UK,13314,8127.658423005943,572.992363034393
2020-01-27,UK,13574,11788.69909296801,297.7453810503264
2020-01-28,UK,13689,11745.682796983489,596.8114694880587
2020-01-29,UK,14281,10528.376336491894,584.2772848567995
2020-01-30,UK,14806,10621.097866975831,284.30699323853645
2020-01-31,UK,15013,10237.181728415357,228.99937011135972
2020-02-01,UK,16006,11892.506794276764,715.8230994580753
2020-02-02,UK,16555,10153.39669943782,803.4053119080553
2020-02-03,UK,16965,14516.238987969597,190.8917501090645
2020-02-04,UK,17803,10870.987327486608,698.7820400933009
2020-02-05,UK,18072,12627.184882489293,838.197078473959
2020-02-06,UK,18717,16461.16813585996,829.0583537478119
2020-02-07,UK,19230,15779.441803945798,934.2091472702444
2020-02-08,UK,19580,13400.89050243239,791.1056822327178
2020-02-09,UK,20438,13811.89265471177,565.9680842216418
2020-02-10,UK,21318,12823.302316992203,479.18770133500766
2020-02-11,UK,21558,17434.262617576474,492.16287993460605
2020-02-12,UK,21931,13479.561818902306,854.802545324008
2020-02-13,UK,22446,17054.03884514085,894.1023028818811
2020-02-14,UK,23153,20574.60300942712,417.0866100233338
2020-02-15,UK,23991,15182.480226469921,1072.9953767380532
2020-02-16,UK,24981,21692.100946653987,964.1906979316939
2020-02-17,UK,25119,22542.860683052542,816.6189777063771
2020-02-18,UK,26032,16099.62336811793,751.3173200555445
2020-02-19,UK,26160,22625.048400190793,830.0388079786122
2020-02-20,UK,26736,20180.966607174163,437.6637623453766
2020-02-21,UK,27153,23676.170107223603,492.7740008639469
2020-02-22,UK,27497,21211.06708378876,375.23999970796206
2020-02-23,UK,28344,22636.470844338142,457.65133734554314
2020-02-24,UK,29140,22237.715213713265,820.2253004959176
2020-02-25,UK,29511,25360.21481722505,921.1615405325828
2020-02-26,UK,30050,24646.19791936762,321.9699947589399
2020-02-27,UK,30897,23369.813959631483,1293.7164995005944
2020-02-28,UK,31235,26876.10081436502,679.8834658953414
2020-02-29,UK,31711,21360.074854004673,1473.7193001845496
2020-03-01,UK,32076,20759.657700185464,1562.1156516670214
2020-03-02,UK,32534,21085.93710804257,566.688761149211
2020-03-03,UK,32973,23087.782427660015,939.1993587366451
2020-03-04,UK,33461,22472.642141209006,336.25873746015105
2020-03-05,UK,34137,30007.348288605284,1158.3739139793715
2020-03-06,UK,34925,22063.876718088988,1197.6571082229518
2020-03-07,UK,35027,28361.26457439379,697.0932809967769
2020-03-08,UK,35555,23351.33155411677,1149.7245029478242
2020-03-09,UK,35796,30945.324841394235,680.8973975566381
2020-03-10,UK,36271,32222.960045326436,596.0420235574013
2020-03-11,UK,37040,27396.302737452057,1335.6912420142353
2020-03-12,UK,37463,32357.59645913595,863.0358262414633
2020-03-13,UK,37708,22683.004229645638,1267.3869042999622
2020-03-14,UK,38100,32231.993265974583,1041.268045432803
2020-03-15,UK,38864,25983.98648325139,1918.8733238922584
2020-03-16,UK,39395,34376.48642360003,629.6591767155502
2020-03-17,UK,40199,24132.908208416677,1149.0459594465174
2020-03-18,UK,40883,31351.313362089113,1521.5943302179319
2020-03-19,UK,41381,34221.703858927314,1068.5320446414794
2020-03-20,UK,42297,28660.722097058828,2072.0451853829827
2020-03-21,UK,43285,28478.926813098293,1682.7262389926952
2020-03-22,UK,43728,27340.03414786081,1586.423604943206
2020-03-23,UK,43967,30685.891517436085,1771.0949927625063
2020-03-24,UK,44253,33984.23710578079,2128.832407165094
2020-03-25,UK,45157,28663.548312187828,2091.3446765130957
2020-03-26,UK,45317,32311.41111574673,1766.0674923345844
2020-03-27,UK,45796,27602.243953042856,1830.3042569712945
2020-03-28,UK,46605,39409.36631771854,738.0779304163182
2020-03-29,UK,47511,30337.418113597683,670.4607971940416
2020-03-30,UK,48050,32914.38859924836,1577.778452544484
2020-03-31,UK,48468,29348.74640154118,520.2897050893638
2020-04-01,UK,48869,35658.352460412956,1431.580960401789
2020-04-02,UK,49312,42015.6214629525,908.0303393983701
2020-04-03,UK,49422,35467.46915161335,1178.2532322457305
2020-04-04,UK,49583,32419.80473619718,2034.4990485928856
2020-04-05,UK,50527,41740.84229642117,2407.5862950539918
2020-04-06,UK,50852,42544.92379262733,655.8204908474304
2020-04-07,UK,51104,33326.24928063537,1603.1165477688103
2020-04-08,UK,51914,43153.83605723909,2351.773735313549
2020-04-09,UK,52577,46488.024321256045,699.2920486109612
